loss,grad_norm,learning_rate,epoch,step,train_runtime,train_samples_per_second,train_steps_per_second,total_flos,train_loss
1.3484542846679688,5.006714344024658,1.8973821989528797e-05,0.2617801047120419,50,,,,,
1.1699090576171876,5.766586780548096,1.792670157068063e-05,0.5235602094240838,100,,,,,
0.8944325256347656,6.556543827056885,1.6879581151832463e-05,0.7853403141361257,150,,,,,
0.6791363525390625,10.050680160522461,1.5832460732984293e-05,1.0471204188481675,200,,,,,
0.4774106216430664,15.4585542678833,1.4785340314136128e-05,1.3089005235602094,250,,,,,
0.4395586013793945,11.327634811401367,1.3738219895287959e-05,1.5706806282722514,300,,,,,
0.3641377639770508,14.578144073486328,1.2691099476439792e-05,1.8324607329842932,350,,,,,
0.32659622192382814,1.331262230873108,1.1643979057591623e-05,2.094240837696335,400,,,,,
0.19344980239868165,5.34877872467041,1.0596858638743456e-05,2.356020942408377,450,,,,,
0.24627315521240234,15.894698143005371,9.54973821989529e-06,2.6178010471204187,500,,,,,
0.20282915115356445,20.610679626464844,8.502617801047122e-06,2.8795811518324608,550,,,,,
0.16394039154052734,22.90477180480957,7.455497382198954e-06,3.141361256544503,600,,,,,
0.12298585891723633,13.648237228393555,6.408376963350787e-06,3.4031413612565444,650,,,,,
0.12573305130004883,1.0432692766189575,5.361256544502619e-06,3.6649214659685865,700,,,,,
0.11387212753295899,0.6606144905090332,4.31413612565445e-06,3.9267015706806285,750,,,,,
0.09227611541748047,17.978931427001953,3.267015706806283e-06,4.18848167539267,800,,,,,
0.06670108795166016,1.8494819402694702,2.2198952879581155e-06,4.450261780104712,850,,,,,
0.08247613906860352,14.82845401763916,1.1727748691099479e-06,4.712041884816754,900,,,,,
0.08011531829833984,3.5808300971984863,1.2565445026178012e-07,4.973821989528796,950,,,,,
,,,5.0,955,167.0409,91.056,5.717,119118555450960.0,0.3766769526984679
